iter,v_fun_0,delta_q,norm_delta_q,acc_reward
0,0.0,0.0,0.0,0
10000,3.7320079829115226e-06,0.0,113.46347843029537,-1007
20000,0.1093438487415559,0.0017213379617101112,19.65827866183592,1768
30000,0.252652401550936,0.0018792680518005167,19.622228603582727,5853
40000,0.31610569439105013,0.004677076525824135,16.731795451745622,10991
50000,0.301824720080402,0.000992425206774231,13.87067482572452,16576
60000,0.33570355906687854,0.010980450177696704,10.822259609172837,22543
70000,0.33570355906687854,-0.009715565806182373,17.66019468292596,28424
80000,0.6054763823116303,0.00920802777660622,8.754584454298403,33980
90000,0.6054763823116303,0.0005229121787466885,13.026768158838461,40002
100000,0.6054763823116303,-0.004799521898076308,16.227181126822025,45932
110000,0.6054763823116303,1.4744036316540226e-05,5.831149757015492,52470
120000,0.6054763823116303,-0.009653564850517111,4.485529139424768,58951
130000,0.6054763823116303,0.0003891125126966532,10.655672659904555,65212
140000,0.6054763823116303,0.004442397147387249,10.393246112655035,71589
150000,0.6054763823116303,-0.000971047208518386,7.928788839512706,78163
160000,0.6054763823116303,0.0011332360789133812,7.261047574869287,84816
170000,0.6054763823116303,-0.00019372306910234153,9.430001788165434,91022
180000,0.6054763823116303,0.0011886478636077712,7.142559592323487,97530
190000,0.6054763823116303,0.00015227503890687179,7.362237407137344,104110
200000,0.6054763823116303,-0.0025286596752685294,4.861176850027695,110886
210000,0.6054763823116303,0.00032738256943833246,3.706512540468856,117625
220000,0.6054763823116303,-0.0047686220413371075,5.224659107286724,124218
230000,0.6054763823116303,-0.0004057322910119482,4.741371386137993,130861
240000,0.6054763823116303,0.001829190691787156,5.24317789745213,137591
250000,0.6054763823116303,0.0018493242155024781,4.916083906043038,144145
260000,0.6054763823116303,-0.038754831560310385,3.212331164244931,150789
270000,0.6054763823116303,0.0005995701563775689,5.738235650685089,157369
280000,0.6054763823116303,0.0001071368183392094,3.7875719497013085,163912
290000,0.6054763823116303,-0.0005634133110031381,3.746366334758847,170503
300000,0.6054763823116303,0.0001989035276873594,8.197525901318778,177097
310000,0.6054763823116303,-8.42283434195904e-05,7.517346720517019,183691
320000,0.6054763823116303,0.0012053871618637425,5.575155274402812,190328
330000,0.6054763823116303,9.281473686866503e-05,3.21742070913073,197090
340000,0.6054763823116303,0.00014390495313785953,3.7269801857108775,203679
350000,0.6054763823116303,0.0020013119929943543,8.325026065910905,210260
360000,1.9327998260248207,0.0005903023817847317,3.6642477385839016,216739
370000,1.9327998260248207,0.00024044793610874485,7.9607489277612915,223389
380000,1.7384062122463257,0.0005575021640696623,5.116025010612721,229901
390000,1.7384062122463257,0.0010762975780180847,5.0117373922875,236334
400000,1.7384062122463257,-0.001956564803969788,4.647173084130541,242801
410000,1.7384062122463257,-0.0004201099563476918,2.560821395029661,249097
420000,1.7384062122463257,-0.0003403579975792484,3.5845220437899035,255777
430000,1.7384062122463257,0.0001559102877809163,3.898166196787512,262184
440000,1.7384062122463257,-0.0012452923123431319,5.070105794139713,268911
450000,1.7384062122463257,0.3811631995075638,3.896513531580898,275555
460000,1.7384062122463257,0.001031239695969967,3.4692302177608325,282135
470000,1.9944114893111509,2.07599766412939e-05,2.388569512290667,288837
480000,1.9944114893111509,-0.00064809269753666,3.3600088437483886,295522
490000,1.9944114893111509,0.00011345104470847203,3.821413294105705,302275
500000,1.9944114893111509,-0.00010635114599591977,9.21396768147858,309034
510000,1.9944114893111509,6.880054709950333e-05,3.270269860850741,315856
520000,1.9944114893111509,-0.0005605725392633624,3.5514831874626913,322483
530000,1.9944114893111509,0.0008038232354749315,2.2245835925067534,329232
540000,1.9944114893111509,6.634903661428966e-05,2.607853695172312,335940
550000,1.9944114893111509,0.00010155711923622326,2.9025641846969124,342703
560000,1.9944114893111509,-0.0010151407246613048,4.116951713353198,349258
570000,1.9944114893111509,0.0003269292879692729,3.0742544182866007,356162
580000,1.9944114893111509,-0.003951084460044707,4.004263931870728,362817
590000,1.9944114893111509,0.0012930035566147604,3.4247451926588868,369522
600000,1.9944114893111509,0.00011837149696967826,2.5992323322192075,376356
610000,1.9944114893111509,0.0020610158365483005,2.024291104431937,382977
620000,2.2134979270264608,0.00016308736886971802,7.518188869932077,389433
630000,2.2134979270264608,-0.0011884305006843988,3.5359184834744184,396073
640000,2.2134979270264608,0.00030779142645083024,1.7854184200196077,402841
650000,2.2134979270264608,-0.0027354648087013606,2.696943347120644,409581
660000,2.2134979270264608,-6.323103135391131e-05,2.0837241612213555,416065
670000,2.2134979270264608,-0.00024255898837265347,5.009016739683205,422847
680000,2.2134979270264608,-0.0009667405612134751,6.463323069136851,429521
690000,2.2134979270264608,0.00029865870658589807,2.0341261160844164,436201
700000,2.2134979270264608,0.0011141117925310196,2.249211476321421,442827
710000,2.2134979270264608,0.0007029105719117601,4.507445328721623,449568
720000,2.2134979270264608,0.00022924027986232946,4.959281659536571,456463
730000,2.2134979270264608,0.001424163114225594,11.672398423029474,462934
740000,2.2134979270264608,0.00030998100470962844,1.8001591590859456,469599
750000,2.2134979270264608,-0.0010284545222570116,5.248120624760227,476259
760000,2.2134979270264608,-0.00021620144011322398,2.345226756421212,482977
770000,2.2134979270264608,7.940242784360037e-05,2.196147836760488,489684
780000,2.2134979270264608,-0.000467425821302819,2.7033233814420523,496408
790000,2.2134979270264608,0.00021396770019118598,2.147113150097544,503153
800000,2.2134979270264608,0.0006218569806407547,8.457039432333689,509935
810000,2.2134979270264608,-0.0008277522986242406,2.559683123784625,516760
820000,2.036217027145872,2.0256234108819946e-05,4.890111554975108,523609
830000,2.036217027145872,4.7804675264319834e-05,1.8299688947541668,530429
840000,2.036217027145872,0.0020198296944386645,2.8664551420719513,537302
850000,2.036217027145872,0.0015270325513062287,2.8315338114206727,543957
860000,2.036217027145872,0.0008130056863360958,1.6389340189096702,550488
870000,2.036217027145872,-0.0006218026469332475,1.8566074036877571,557193
880000,2.036217027145872,7.123461504756419e-05,2.2453533493165865,563730
890000,2.036217027145872,7.113197975928154e-05,2.652165643608918,570352
900000,2.036217027145872,0.0010068813926977771,2.4017446966569906,577100
910000,2.036217027145872,0.0002187102739175014,2.675065495765504,583892
920000,2.036217027145872,0.0008725457324018158,1.4544125936694692,590736
930000,2.218366420785211,0.00021716083182716513,1.979144100660285,597466
940000,2.218366420785211,0.00023412409443222514,1.3560523895276266,604162
950000,2.218366420785211,0.00029331661089097106,1.9376025780150596,610771
960000,2.218366420785211,0.0003041691648936469,1.3411489929092286,617410
970000,2.218366420785211,-0.0009517972699137344,2.6377148309858,623955
980000,2.218366420785211,8.298533564211636e-05,1.3519396402357238,630717
990000,2.218366420785211,6.687328447496767e-05,2.481882915984016,637409
1000000,2.218366420785211,0.00022872023917710265,1.7609315851547434,644180
1010000,2.218366420785211,0.0006291039281485388,2.987030996562082,651007
1020000,2.218366420785211,0.0004221518932455579,1.6850696887690517,657840
1030000,2.218366420785211,0.0002797289268673678,1.7262699855029138,664598
1040000,2.218366420785211,4.104714141153932e-05,2.589031825077182,671276
1050000,2.218366420785211,0.0006364474116494245,3.680068891956738,678089
1060000,2.218366420785211,0.0005183998568831979,1.6364629331700304,684663
1070000,2.3589052768122802,0.0005420041046853919,1.41847872118639,691437
1080000,2.3589052768122802,0.000253827556581299,3.3167550602041054,698008
1090000,2.3589052768122802,-0.00023177136921848573,2.2150424860715283,704785
1100000,2.3589052768122802,7.736070283099344e-05,2.429394151859131,711608
1110000,2.3589052768122802,-0.00034803313408843516,1.2472534981868832,718246
1120000,2.3589052768122802,0.00026220594219027285,2.2224483074185564,724933
1130000,2.3589052768122802,0.0007693358582224969,1.893817931051846,731647
1140000,2.3589052768122802,0.0003950528401700121,1.8934212837505349,738329
1150000,2.3589052768122802,0.0008199901870733893,2.3686989986429565,745053
1160000,2.3589052768122802,3.74206785701156e-05,3.2196160624775696,751740
1170000,2.3589052768122802,-5.9044925923810246e-05,2.2411939005620463,758364
1180000,2.3589052768122802,-0.00021069776332089218,1.84708690715092,765134
1190000,2.3589052768122802,0.00027958328466226785,2.247385678264418,771756
1200000,2.3589052768122802,-0.00034020896556165574,1.1965813997511616,778528
1210000,2.3589052768122802,0.00045452714287313583,1.796289784642597,785016
1220000,2.3589052768122802,0.0003575139045384205,1.4587692170150557,791429
1230000,2.3589052768122802,5.6604185713974644e-05,2.1816022661248033,798127
1240000,2.3589052768122802,7.282677501347151e-05,1.032669092850199,804847
1250000,2.3589052768122802,-4.735224760176536e-05,2.2830235726554453,811461
1260000,2.3589052768122802,-0.0003217780730383093,1.6032183912569162,818060
1270000,2.3589052768122802,0.0004964333795830117,1.7099123586217688,824949
1280000,2.3589052768122802,0.000463853760358663,0.9767702239189702,831897
1290000,2.3589052768122802,-0.0013101881928868813,4.046381986050777,838629
1300000,2.3589052768122802,5.48581137785749e-05,2.0445674448050184,845208
1310000,2.3589052768122802,0.0012535693656219743,3.1232376720583592,851919
1320000,2.3589052768122802,5.4018988419259136e-05,1.9530668147233965,858529
1330000,2.3589052768122802,-0.000443973997208606,2.917953536942129,865026
1340000,2.3589052768122802,6.711472274056361e-05,1.2398293337249031,871638
1350000,2.3589052768122802,-4.291366150495339e-05,2.057868286261288,878523
1360000,2.465150111595561,-0.0004699218432588487,5.6261478719431715,885307
1370000,2.465150111595561,0.001192358881294052,4.679922260876953,892046
1380000,2.465150111595561,-0.00029948735707717385,1.6770640985036456,898709
1390000,2.524525335477995,0.00022729780562699573,3.192398457375985,905515
1400000,2.524525335477995,-0.00015863099780277903,1.3286485212783712,912202
1410000,2.524525335477995,-0.00039983463242147484,2.499090626711288,918873
1420000,2.524525335477995,0.0010837304259520208,2.2244997280905277,925451
1430000,2.524525335477995,0.0012029500880174479,1.0858398023935008,932077
1440000,2.524525335477995,0.0004263017447629586,4.060497384278835,938670
1450000,2.524525335477995,-0.00046078263751038576,1.900791049782817,945353
1460000,2.524525335477995,0.0004709810579017158,1.455955088731966,952198
1470000,2.524525335477995,0.0007940424109539701,1.916847455972743,958935
1480000,2.524525335477995,-5.223901145757852e-05,1.0912908416802551,965806
1490000,2.524525335477995,-3.90475099212389e-05,0.9984311411194973,972663
1500000,2.524525335477995,-0.00046255426228435076,1.6247942057015645,979325
1510000,2.524525335477995,-0.00028627372860191277,2.494803308374494,986275
1520000,2.524525335477995,6.198166523540368e-05,1.3631013478415712,993092
1530000,2.524525335477995,8.527808139148153e-05,1.0669924694525394,999790
1540000,2.524525335477995,-0.00048440536289962326,1.8748168888420103,1006398
1550000,2.524525335477995,0.00013006152734477034,0.7887744467891978,1013328
1560000,2.524525335477995,-0.0004957127276067928,1.8209993957822261,1020111
1570000,2.524525335477995,-6.798212839795499e-05,1.0505401854081704,1027016
1580000,2.524525335477995,-0.00014244597627641135,1.4541151045795613,1033772
1590000,2.524525335477995,0.00037831170518492303,1.3551010157981127,1040481
1600000,2.524525335477995,-0.00016776127167167492,1.6576639348041509,1047301
1610000,2.524525335477995,0.0001460363322969929,1.1362012090046412,1054046
1620000,2.524525335477995,0.00016296716008722492,2.150404669087143,1060530
1630000,2.524525335477995,0.0007502430145492324,1.1811608485866851,1067133
1640000,2.524525335477995,-0.0002680429278799967,1.0257788362365037,1073909
1650000,2.524525335477995,0.00020165820738642359,1.02440986929117,1080522
1660000,2.524525335477995,0.00020002912440683917,1.2596060657040637,1087232
1670000,2.524525335477995,8.084079721239152e-05,1.3965764047829783,1093854
1680000,2.524525335477995,0.00011279713286241052,6.555109914391361,1100486
1690000,2.524525335477995,-0.00013128228194684994,1.5308599216421068,1107277
1700000,2.524525335477995,-0.00026198074234144627,1.0871413443456868,1113963
1710000,2.524525335477995,-9.027797437591715e-05,1.7526977372082333,1120677
1720000,2.524525335477995,-0.0028181097403922016,3.0249799559451165,1127239
1730000,2.524525335477995,-0.0002647130229818924,1.7454216965180394,1133824
1740000,2.524525335477995,0.0003261996437632067,1.2906015045141574,1140694
1750000,2.524525335477995,0.0004137286602718575,3.0073279061738,1147319
1760000,2.524525335477995,0.00040380739181437956,1.1122937451228259,1154058
1770000,2.524525335477995,-3.589352364723737e-05,2.159193281304346,1160768
1780000,2.524525335477995,0.00016621894353284537,1.2327476911978,1167380
1790000,2.524525335477995,0.0001645907871144198,2.2796139779211866,1174118
1800000,2.524525335477995,0.0001895916703609534,0.8862439032088156,1180805
1810000,2.524525335477995,0.00010668501515364024,3.481946559632659,1187602
1820000,2.524525335477995,-4.164568611327234e-05,1.2760066106578616,1194444
1830000,2.524525335477995,-0.00026166472967169594,3.5428551875539513,1201348
1840000,2.524525335477995,-0.00024479091319490716,1.3037170565265386,1207972
1850000,2.524525335477995,0.0003760861136045054,8.448458443967906,1214583
1860000,2.524525335477995,0.0005840185439214464,2.1001097668814754,1221186
1870000,2.524525335477995,0.00010141585076039044,1.6746643197850462,1227861
1880000,2.524525335477995,-0.0007100014440447503,0.9702894129658155,1234738
1890000,2.571622789633256,-0.0002484934930218958,1.7435778390259982,1241415
1900000,2.571622789633256,-0.00059258504737597,1.4166789447223354,1248158
1910000,2.571622789633256,0.00014573188009794956,7.108859849016453,1254785
1920000,2.630840582449939,4.237957805254305e-05,1.4410919739948602,1261408
1930000,2.630840582449939,-0.00019285050976895537,4.529165232909041,1268064
1940000,2.630840582449939,0.00014337990018457427,1.240806254009309,1274842
1950000,2.630840582449939,5.22368429707838e-05,1.1310010818950194,1281496
1960000,2.630840582449939,7.180628497994628e-05,1.6834139799984231,1288280
1970000,2.630840582449939,2.653516210561943e-05,1.0425097958668632,1295006
1980000,2.630840582449939,0.0002809653606175594,2.1307008764956104,1301606
1990000,2.630840582449939,0.00035234358229374916,2.390023268667896,1308440
2000000,2.630840582449939,0.00029125252942437753,1.4269148449869722,1315322
2010000,2.630840582449939,7.159852087073074e-05,1.8820467020439957,1321963
2020000,2.630840582449939,5.1026193681059515e-05,3.106933932570828,1328729
2030000,2.630840582449939,7.1010644549644e-05,2.73241355351836,1335394
2040000,2.630840582449939,5.055292505405816e-05,2.554044903360876,1342148
2050000,2.630840582449939,0.00026189414318452927,1.4292388760413792,1348891
2060000,2.630840582449939,-0.0002366327122516016,2.1245013814438845,1355519
2070000,2.630840582449939,-4.4574184736740096e-05,0.8006327933534575,1362059
2080000,2.630840582449939,3.9533401102861234e-05,1.1087663038343956,1368618
2090000,2.630840582449939,7.072395349499114e-05,1.5729766162747258,1375325
2100000,2.630840582449939,2.501032073163233e-05,1.0394921090518032,1382000
2110000,2.630840582449939,6.832933550769914e-05,2.098716807034836,1388621
2120000,2.630840582449939,0.0003230143606568148,1.2818372845639379,1395235
2130000,2.630840582449939,0.007100869559787613,3.2524338908740966,1401814
2140000,2.630840582449939,-6.881787069667378e-05,1.86085735148308,1408505
2150000,2.630840582449939,0.00029783735489764276,1.060337873337919,1415060
2160000,2.630840582449939,0.0002881002124794476,0.8379698877228972,1421928
2170000,2.630840582449939,0.0001376510988399213,1.3689587992584655,1428670
2180000,2.630840582449939,0.0006277633619204131,1.3847307127717272,1435494
2190000,2.630840582449939,3.891995478499605e-05,0.875545435779005,1442201
2200000,2.630840582449939,-0.001055457684315765,0.8311781335389723,1449112
2210000,2.630840582449939,2.460931483915135e-05,0.8697315644520859,1455936
2220000,2.630840582449939,0.0010315203536080523,0.9297061502713799,1462761
2230000,2.630840582449939,0.0003385851841626079,1.4217209704164726,1469626
2240000,2.630840582449939,3.83126402153405e-05,1.73417678419584,1476421
2250000,2.630840582449939,4.701753098631745e-05,1.244217446288573,1483010
2260000,2.630840582449939,-4.153781898931851e-05,0.9194072864846956,1489862
2270000,2.630840582449939,-0.00010356860449012223,1.0044997735235266,1496546
2280000,2.630840582449939,0.00030800990243195223,0.8042762356936672,1503317
2290000,2.630840582449939,-0.0004935254207740927,1.5087883321099393,1510010
2300000,2.630840582449939,9.03960410019962e-05,1.1754130057427674,1516713
2310000,2.630840582449939,0.0003034552044158996,1.4318288279042917,1523591
2320000,2.630840582449939,0.0002373961426412861,1.0944003116446068,1530373
2330000,2.630840582449939,8.395005658036013e-06,1.4071791438302854,1536963
2340000,2.630840582449939,0.00016018331061302225,1.0428968937358112,1543860
2350000,2.630840582449939,-0.00020745568016100288,10.285554241020261,1550429
2360000,2.630840582449939,-0.0007689725509791323,1.4812601406405865,1557107
2370000,2.630840582449939,-0.000344824474260921,1.0832176070545432,1563925
2380000,2.630840582449939,-0.0001972681481007754,1.0026404955526866,1570526
2390000,2.630840582449939,3.620052535643312e-05,1.1596157071666573,1577267
2400000,2.630840582449939,-0.000155880253455463,1.24823876030766,1583976
2410000,2.630840582449939,8.89872282116817e-05,0.6101084113982681,1591004
2420000,2.630840582449939,-0.00020405813845865387,1.4612171547370845,1597762
2430000,2.630840582449939,0.00027625073908065954,1.043308108063862,1604271
2440000,2.630840582449939,0.00015513866850982243,0.917851399749976,1611147
2450000,2.630840582449939,4.401250122497339e-05,2.313129461832208,1617715
2460000,2.630840582449939,-0.0003179286816729296,3.6993114597653842,1624452
2470000,2.630840582449939,8.234276078299394e-05,1.686335806257902,1631127
2480000,2.630840582449939,-0.00038899634709984926,1.8003026355506442,1637952
2490000,2.630840582449939,0.00010039113831097172,1.549193915021737,1644774
2500000,2.630840582449939,-0.0008152390420097563,2.3702078349491504,1651491
2510000,2.630840582449939,-2.9804067668335434e-05,1.3487448362978152,1658165
2520000,2.630840582449939,-0.00021813625874409254,5.346536525589476,1664945
2530000,2.630840582449939,0.0001709145853887032,0.7444972621948968,1671710
2540000,2.630840582449939,4.330864201073176e-05,1.5543628937572005,1678472
2550000,2.630840582449939,-0.000205645908349317,1.1208072056445693,1685131
2560000,2.630840582449939,0.0005707742937512271,1.0777581516469885,1691843
2570000,2.630840582449939,-0.00034722719110647925,1.4206156636628098,1698592
2580000,2.630840582449939,0.0002406219322312338,0.9694465642273804,1705366
2590000,2.630840582449939,-0.000921369389136277,0.6304215326184485,1711987
2600000,2.630840582449939,0.00015225067638342826,1.0957050877147279,1718633
2610000,2.630840582449939,-0.00030655804315079523,1.6024128837220661,1725107
2620000,2.5062351756705783,4.3261759446447865e-05,1.0843032039338207,1731700
2630000,2.5062351756705783,-0.0005604274193438026,1.300601264595376,1738299
2640000,2.5062351756705783,8.110235899296102e-05,1.4632925412975992,1744805
2650000,2.5062351756705783,-0.00042122073546303545,1.1962536743955374,1751464
2660000,2.5062351756705783,4.268830779762121e-05,1.5489858144436914,1758305
2670000,2.5062351756705783,-3.5448186287717406e-05,1.3232025237044212,1765006
2680000,2.5062351756705783,4.215159056191061e-05,1.1677090153682397,1771897
2690000,2.5062351756705783,2.134292201704033e-05,1.6725672617285618,1778384
2700000,2.5062351756705783,0.0006093191228698661,0.748028353893348,1785193
2710000,2.5062351756705783,-0.00019490441773700154,1.0091601553064642,1791865
2720000,2.5062351756705783,-5.097248549004648e-05,0.6253661350943543,1798782
2730000,2.5062351756705783,0.00044605600802460936,0.813725630157402,1805523
2740000,2.5062351756705783,0.00021836241548368264,1.0380152573304895,1811944
2750000,2.5062351756705783,4.143110324214566e-05,0.7196799813447217,1818484
2760000,2.5062351756705783,9.74699127032655e-05,0.6057614795493776,1825375
2770000,2.5062351756705783,9.664943244668114e-05,3.392553768731338,1832030
2780000,2.5062351756705783,-3.194118923034366e-05,2.0178900260228616,1838794
2790000,2.5062351756705783,0.0001386777686622086,0.9815423874112028,1845450
2800000,2.5062351756705783,3.246986585163656e-05,0.6621499530568548,1852336
2810000,2.5062351756705783,-0.00034494151970606034,0.9283593164489256,1858975
2820000,2.5062351756705783,5.801713274182152e-05,1.247842753354753,1865690
2830000,2.5062351756705783,2.0497575952342382e-05,0.4695865015158736,1872462
2840000,2.5062351756705783,0.00013860524055662378,2.111722479692364,1879160
2850000,2.5062351756705783,0.00029427241768057035,1.7446810523300065,1885578
2860000,2.5062351756705783,-0.00018361208734094642,1.4395645843102527,1892274
2870000,2.5062351756705783,7.646391515179873e-05,0.7251483490112877,1899086
2880000,2.5062351756705783,0.00013195209439708193,0.6466967824531616,1906062
2890000,2.5062351756705783,-0.0002715534304995135,0.977404938220396,1912783
2900000,2.5062351756705783,-0.00017726087859552394,1.154518044805515,1919598
2910000,2.5062351756705783,0.0002672763005401136,1.254662402895923,1926392
2920000,2.5062351756705783,0.0002789635362669233,2.982966392198265,1933122
2930000,2.5062351756705783,3.9194424460708204e-05,0.6975414152946988,1939825
2940000,2.5062351756705783,1.9993658341804804e-05,0.8846246296599299,1946523
2950000,2.5062351756705783,-0.00018231231561036053,0.7700390695815709,1953477
2960000,2.5062351756705783,8.65334140026926e-05,1.0566396344156372,1960248
2970000,2.5062351756705783,0.00013000836993425858,1.2385201472967666,1966877
2980000,2.57138215001309,3.8865562685978345e-05,0.9656762699179325,1973630
2990000,2.57138215001309,-0.0005863203428687838,0.7272425711115588,1980260
3000000,2.6254597382605183,-0.10657812485355388,2.2348601148865406,1986881
3010000,2.6254597382605183,-0.000274475092016739,0.7974410528619329,1993660
3020000,2.6254597382605183,-0.00039662399127585033,1.3526767964150959,2000350
3030000,2.6254597382605183,3.071964004628516e-05,1.317392117215754,2007094
3040000,2.6254597382605183,0.0002330969337360179,2.1391795650884444,2013968
3050000,2.6254597382605183,0.0002814131642348659,0.5571749289567793,2020851
3060000,2.6254597382605183,-0.00017645296859096442,0.6541268971448243,2027554
3070000,2.6254597382605183,-0.0002642851934671157,0.5802028227633629,2034269
3080000,2.6254597382605183,3.7952881556378736e-05,5.240018001363883,2040902
3090000,2.6254597382605183,-0.0003200546592057964,0.740562453442885,2047534
3100000,2.6254597382605183,0.0003994527707212079,0.8271882228499113,2054158
3110000,2.6254597382605183,3.0058490054814703e-05,1.3011480001509594,2060889
3120000,2.6254597382605183,3.797222284261982e-05,0.7997894756418787,2067679
3130000,2.6254597382605183,3.7672737695671904e-05,0.40753781915619497,2074475
3140000,2.6254597382605183,-2.5468879389788206e-05,1.1357964209525875,2080955
3150000,2.6254597382605183,-0.00028534113839898394,1.982619252403916,2087587
3160000,2.6254597382605183,2.994516290520363e-05,1.845173342293518,2094479
3170000,2.6254597382605183,7.064151119835887e-05,1.0439295727352624,2101045
3180000,2.6254597382605183,7.407513350055081e-05,2.807433544737612,2107757
3190000,2.6254597382605183,-0.00016788724321008128,1.0911349068043206,2114337
3200000,2.6254597382605183,-0.00038476431646174456,0.8015379810284752,2120997
3210000,2.6254597382605183,0.00010144376941401266,0.7755507392318898,2127605
3220000,2.6254597382605183,5.2500882411299014e-05,1.1190403888574239,2134122
3230000,2.6254597382605183,-0.0003712906113240584,1.8833573914245771,2140834
3240000,2.6254597382605183,-0.00016684061965693988,1.4322326478188219,2147474
3250000,2.6254597382605183,-0.00017232243271050827,5.036723330027457,2154085
3260000,2.6254597382605183,-0.00016592779559759216,0.7107583347085548,2160755
3270000,2.6696540529333417,5.159646052622254e-05,4.2874485162961165,2167415
3280000,2.6696540529333417,-0.0002813027060609793,0.8524275690862453,2174045
3290000,2.6696540529333417,-0.0002714716040615412,7.5217021678477245,2180870
3300000,2.6696540529333417,-0.00012525562136510545,0.7974351667912781,2187688
3310000,2.6696540529333417,0.00019408466089390348,0.8727070654500845,2194286
3320000,2.6696540529333417,0.0003751751294350104,3.385908238505863,2201000
3330000,2.6696540529333417,0.00025199290703309,0.9439064103256943,2207782
3340000,2.6696540529333417,0.00038988697230185463,1.5620930734629423,2214659
3350000,2.6696540529333417,9.928061739075904e-05,5.554858121836727,2221382
3360000,2.6696540529333417,-0.00048421028259217476,0.953723350298021,2228107
3370000,2.6696540529333417,1.816404481252674e-05,2.518593918015641,2234749
3380000,2.6696540529333417,-0.00036203197499099095,1.1025715050674771,2241404
3390000,2.6696540529333417,3.611610672846984e-05,0.9366672619554435,2248311
3400000,2.6696540529333417,-8.188328603665885e-05,3.1419416280673484,2254960
3410000,2.6696540529333417,-0.00037539901776233593,0.7634853905817894,2261488
3420000,2.6696540529333417,-0.006401572663445244,1.6617679764837963,2268207
3430000,2.6696540529333417,0.00012135116635555723,0.7512154542904654,2275013
3440000,2.6696540529333417,0.00160638848535307,1.53467536061592,2281714
3450000,2.6696540529333417,-8.364337116379234e-05,0.88375745581851,2288183
3460000,2.6696540529333417,-0.0002500923516797244,0.9205623686892559,2294914
3470000,2.6696540529333417,-8.294329275691457e-05,1.7031277900855628,2301702
3480000,2.6696540529333417,-0.0002932437379485077,5.529473215708242,2308153
3490000,2.6696540529333417,-0.00015398299613719643,0.6101446857419445,2314802
3500000,2.6696540529333417,0.00022250315683919396,0.8212487522948863,2321564
3510000,2.6696540529333417,0.00540952030005555,1.3842743882538466,2328369
3520000,2.6696540529333417,-3.908278517490858e-05,0.7544355333522049,2335137
3530000,2.6696540529333417,-2.872210183329435e-05,1.4052241887338592,2342023
3540000,2.6696540529333417,7.58907164373077e-05,1.5684446838378348,2348892
3550000,2.6696540529333417,7.583370895578713e-05,2.5742634671744304,2355739
3560000,2.6696540529333417,4.9237988574156403e-05,1.3638780272798632,2362486
3570000,2.6696540529333417,1.7463635351016155e-05,1.1397040731329984,2369281
3580000,2.6696540529333417,-0.00023740299982283518,0.641776507043101,2375983
3590000,2.7072336451098127,0.00024915970374984837,0.6455848006337064,2382565
3600000,2.7072336451098127,-2.2555748841644835e-05,1.7072991614680442,2389416
3610000,2.7072336451098127,-0.00017346234461546227,0.8962143355103116,2396119
3620000,2.7072336451098127,-0.0002640045162180234,0.6816702692239429,2402957
3630000,2.7072336451098127,0.0009772494239232473,1.0553931473237703,2409697
3640000,2.7072336451098127,0.0013081958465159262,2.7492525615328276,2416455
3650000,2.7072336451098127,-0.00011839524908541571,0.758480850895013,2423226
3660000,2.7072336451098127,0.0002489498718993832,3.3629999405847006,2429827
3670000,2.7072336451098127,-0.000358634823107115,0.8942360505370716,2436424
3680000,2.7072336451098127,-0.0006445970956479708,2.8302172398345036,2443029
3690000,2.7072336451098127,0.0003388095641204904,0.8867929960926674,2449870
3700000,2.7072336451098127,8.989090312519818e-05,1.0321609387712942,2456704
3710000,2.7072336451098127,4.672696161723468e-05,2.205191272276943,2463381
3720000,2.7072336451098127,3.387210242834989e-05,0.7960632477314172,2469978
3730000,2.7072336451098127,-0.00024969361339417437,1.2025485132558027,2476610
3740000,2.7072336451098127,-0.0008266665358593224,0.7921948644575199,2483363
3750000,2.7072336451098127,3.377487763077528e-05,2.872115039822562,2489963
3760000,2.7072336451098127,0.00027318719379862487,0.6411412644100257,2496907
3770000,2.7072336451098127,-0.0008284645722503309,0.8450421549715206,2503823
3780000,2.7072336451098127,2.6115151986451693e-05,0.6058370228909105,2510898
3790000,2.597255178515919,2.6340703601222083e-05,0.6168326450694422,2517676
3800000,2.597255178515919,0.00011513808233817149,2.482704203109292,2524490
3810000,2.597255178515919,9.059431645710249e-05,0.5155092599234326,2531196
3820000,2.597255178515919,0.00021076690952522625,0.9598409275387262,2537829
3830000,2.597255178515919,-0.00014668939019902544,0.9618442062263397,2544648
3840000,2.597255178515919,-0.0001557005231202681,1.3193790592448242,2551303
3850000,2.597255178515919,-0.00016182479245232539,0.8113991386268065,2557927
3860000,2.597255178515919,-0.00024271008119258988,1.0129692089193143,2564600
3870000,2.597255178515919,0.0003353141838687937,2.484704943861737,2571267
3880000,2.597255178515919,3.296742544555918e-05,2.5353207579084835,2578140
3890000,2.597255178515919,0.00020856690490331895,6.361616498820427,2584948
3900000,2.597255178515919,-9.467538501230018e-05,0.6543223459014584,2591738
3910000,2.597255178515919,0.00010967475538036615,1.0830014895452935,2598479
3920000,2.597255178515919,2.545886234368612e-05,0.8262446487551655,2605304
3930000,2.597255178515919,-0.0004326696140316025,0.5459218799128076,2612140
3940000,2.597255178515919,3.211406471631296e-05,3.8053817098268667,2618874
3950000,2.597255178515919,0.001395621276199191,0.9748158941941804,2625639
3960000,2.597255178515919,8.894625613829021e-05,1.4144908480458889,2632295
3970000,2.597255178515919,0.00010866483523396255,0.95320724139533,2638923
3980000,2.597255178515919,-7.474163442252671e-05,1.1724545820703502,2645810
3990000,2.597255178515919,-0.000273026886050273,0.6484433076700766,2652671
4000000,2.597255178515919,0.00033090970820387196,1.6257696812276368,2659280
4010000,2.597255178515919,0.00025782099980403597,1.1199009344508848,2666088
4020000,2.597255178515919,0.00010797710545723417,2.221032789453742,2672758
4030000,2.597255178515919,2.48889771560585e-05,0.7832473223576328,2679479
4040000,2.597255178515919,6.032752965609467e-05,0.6652587108554644,2686133
4050000,2.597255178515919,0.00022759301890859816,0.6348827910557157,2692902
4060000,2.62376149636797,2.481453177570895e-05,0.31530246874866774,2699785
4070000,2.62376149636797,-0.0017484191583093244,3.7989397476990168,2706718
4080000,2.62376149636797,8.604781360441634e-05,0.7048766626224244,2713643
4090000,2.663689717980074,2.4667795998287418e-05,0.5626594096302768,2720262
4100000,2.663689717980074,1.5806995295545688e-05,8.301695936022325,2727062
4110000,2.663689717980074,-0.000671569720302527,1.092167153592372,2733860
4120000,2.663689717980074,-1.9475050091253508e-05,0.7396205437953842,2740662
4130000,2.663689717980074,0.00010918130284015458,0.5828259438867237,2747420
4140000,2.663689717980074,0.0002054840269382838,0.8060185855285551,2754188
4150000,2.663689717980074,-2.684711649961389e-05,0.7443945834194303,2760890
4160000,2.663689717980074,0.00025042796799725126,1.3389284900005365,2767772
4170000,2.663689717980074,3.119086100236421e-05,0.5776246466382288,2774607
4180000,2.663689717980074,-0.00013607670704931585,1.1818302244551404,2781317
4190000,2.663689717980074,0.00016504086738113085,1.41434721972631,2787915
4200000,2.663689717980074,4.316618675860692e-05,0.3330575321975885,2794808
4210000,2.663689717980074,0.000193288617210673,0.7716513674204399,2801588
4220000,2.663689717980074,-0.00014000579811780794,0.43203595193669286,2808290
4230000,2.663689717980074,-8.791881596434941e-05,0.9254094882823153,2814965
4240000,2.663689717980074,0.0002331501249473915,0.8116206085383006,2821555
4250000,2.663689717980074,0.00019095704543437648,0.587652695884418,2828176
4260000,2.663689717980074,0.0005391147171611443,1.1183650567948245,2834838
4270000,2.663689717980074,0.0002448887600776411,5.969851406231808,2841556
4280000,2.663689717980074,-8.909256248193253e-05,3.069528705651576,2848371
4290000,2.663689717980074,0.00022247512498832828,0.6402700195238489,2854926
4300000,2.663689717980074,0.00020232117896700215,0.5315994915366956,2861706
4310000,2.663689717980074,4.735593627218719e-06,1.0629527665739635,2868353
4320000,2.663689717980074,0.0001968921275220913,1.3121745765458495,2875100
4330000,2.663689717980074,2.3825192890300764e-05,0.8164553746558886,2881824
4340000,2.663689717980074,-0.0002628926444519701,3.596364418199629,2888528
4350000,2.663689717980074,-0.00024710402663857573,0.5816729119805506,2895334
4360000,2.663689717980074,-1.8465784045083076e-05,2.838178466964492,2902057
4370000,2.663689717980074,3.006150020162474e-05,3.86637177944398,2908838
4380000,2.663689717980074,-0.00018692941284575187,0.8072510403006656,2915653
4390000,2.663689717980074,2.9823258204230646e-05,0.9296853653790994,2922217
4400000,2.663689717980074,0.0002148594029258135,0.7550801013195059,2928830
4410000,2.663689717980074,2.3549468107041225e-05,0.8806047607842552,2935790
4420000,2.663689717980074,-0.00023580035636635354,0.7353213709653393,2942688
4430000,2.663689717980074,-1.940052755650322e-05,0.9667817303465953,2949405
4440000,2.663689717980074,-6.717725802173516e-05,1.4311971995674928,2956038
4450000,2.663689717980074,0.00015309588610686197,0.46283625484375984,2962856
4460000,2.663689717980074,3.002883857473147e-05,1.357954048060174,2969451
4470000,2.663689717980074,0.0007155715992878195,3.633746125423421,2976221
4480000,2.663689717980074,0.00015710922057999958,0.7543062971445444,2982796
4490000,2.663689717980074,1.485759356109699e-05,1.1909864044608134,2989576
4500000,2.663689717980074,1.4891515386467065e-05,2.565011288246273,2996416
4510000,2.663689717980074,-0.0002183460421248264,0.6796483210400898,3003182
4520000,2.663689717980074,2.9745651164006387e-05,1.678353636285203,3009764
4530000,2.663689717980074,2.3040689952540748e-05,0.9887057874386092,3016600
4540000,2.663689717980074,-0.0006408304316676739,0.6012793454475163,3023163
4550000,2.663689717980074,-0.00013983680954344742,0.7802992512735611,3030018
4560000,2.663689717980074,-8.530281640580188e-05,0.9450529428433567,3036720
4570000,2.663689717980074,2.8968681934657422e-05,3.369913510570624,3043579
4580000,2.663689717980074,-2.8450108669117864e-05,0.9567278724968626,3050118
4590000,2.663689717980074,0.0002952957082493015,1.2325929846704025,3056934
4600000,2.663689717980074,2.9271522739871735e-05,0.7349479127535136,3063620
4610000,2.663689717980074,0.0001909359504123913,0.693624520076154,3070371
4620000,2.6818928428358495,0.00017653746491161154,0.6116481277268961,3077036
4630000,2.6818928428358495,-0.0006264552210590575,1.2576096179097798,3083890
4640000,2.6818928428358495,-0.00020481751976156909,1.1784168756554356,3090618
4650000,2.6818928428358495,-6.641052594202739e-05,6.043533839232367,3097530
4660000,2.6818928428358495,2.8875034971654018e-05,0.49272719174472474,3104173
4670000,2.6818928428358495,-0.0002348004193033192,0.750202277621843,3110914
4680000,2.6818928428358495,-8.385465746111978e-05,1.0381332482603223,3117555
4690000,2.6818928428358495,0.00021342654969474503,1.47338607023043,3124390
4700000,2.6818928428358495,0.00048397775392383115,0.7814938764944241,3131360
4710000,2.6818928428358495,1.4228260986756237e-05,1.1555081619611587,3138174
4720000,2.6818928428358495,-2.7473821397236404e-05,0.8846371961242322,3144756
4730000,2.6818928428358495,0.00015377805536977992,0.7219744065455279,3151639
4740000,2.6818928428358495,-2.3960853822134825e-05,0.7636008099551316,3158431
4750000,2.6818928428358495,0.0023305787651895526,0.39849467918310766,3165151
4760000,2.6818928428358495,2.85779955364683e-05,0.5857272850976719,3171772
4770000,2.6818928428358495,-2.7802626449598778e-05,0.727054023053284,3178442
4780000,2.6818928428358495,-0.0002450116866563025,0.5695379137130114,3185310
4790000,2.6818928428358495,2.8079158299639456e-05,2.4999417968337685,3192065
4800000,2.6818928428358495,3.8834774135955034e-05,0.38952355304063,3198852
4810000,2.6818928428358495,2.8498319345896024e-05,0.6782475905787338,3205558
4820000,2.6818928428358495,0.00022893334446149756,0.40247914385363814,3212376
4830000,2.6818928428358495,-0.00012793871047801794,7.903400915844694,3219118
4840000,2.6818928428358495,9.55852741416695e-05,0.8685191601718109,3225807
4850000,2.6818928428358495,-0.0002021138396437627,0.5371498940831655,3232656
4860000,2.6818928428358495,0.000442029775722588,0.5983021201061479,3239421
4870000,2.6818928428358495,-0.00011949488876938334,0.876593864398795,3246094
4880000,2.6818928428358495,5.428982788753093e-05,0.7343114453236209,3252750
4890000,2.6818928428358495,0.00018488890741021155,2.8422208909345263,3259503
4900000,2.6818928428358495,-0.00013831129887051743,0.4525979226486322,3266385
4910000,2.6818928428358495,6.541569443424036e-05,0.4235163340998738,3273304
4920000,2.6818928428358495,4.2266039253349245e-06,0.5371781724539754,3279915
4930000,2.6818928428358495,5.223186399763012e-05,0.7894409138019548,3286619
4940000,2.6818928428358495,0.0002255825267059184,1.4614392746681184,3293339
4950000,2.6818928428358495,3.900977070150481e-05,0.44744731428224377,3300098
4960000,2.6818928428358495,2.7177363821349628e-05,0.6282928536577156,3306734
4970000,2.6818928428358495,-0.0014854853479454816,1.8221373925959305,3313247
4980000,2.6818928428358495,0.00019882675911178324,0.5224911956427821,3320196
4990000,2.6818928428358495,0.0036391875112874047,1.0460930879400183,3326835
5000000,2.711904699554204,-7.966668386410542e-05,0.5395981232689634,3333626
5010000,2.711904699554204,2.705199974561141e-05,3.6425596004611154,3340291
5020000,2.711904699554204,-7.374920012373306e-05,2.592322435390997,3347036
5030000,2.711904699554204,0.0003424610503747422,0.7669766782380328,3353677
5040000,2.711904699554204,-7.844064673183273e-05,0.4890827428453174,3360529
5050000,2.711904699554204,-1.828027040163433e-05,0.518611559959943,3367401
5060000,2.711904699554204,3.82365374909558e-05,0.8220968042365642,3374255
5070000,2.711904699554204,0.00018419107406457695,0.6157448324764839,3380946
5080000,2.711904699554204,-2.264579004165885e-05,0.9752340867744029,3387617
5090000,2.711904699554204,9.272868425551852e-05,0.5237227791018034,3394335
5100000,2.711904699554204,0.0001734050990803926,2.3208186192794367,3400898
5110000,2.711904699554204,-0.0003820335274715185,0.6496299838086723,3407678
5120000,2.711904699554204,9.389929787846186e-05,2.3818811873106145,3414361
5130000,2.711904699554204,0.00022451644752191285,0.7460134359586146,3421098
5140000,2.711904699554204,8.962493845676524e-05,0.7853859500861067,3427925
5150000,2.711904699554204,0.00022042216544712436,0.47870971138433926,3434868
5160000,2.711904699554204,6.393529650236586e-05,0.9733750512301588,3441630
5170000,2.711904699554204,0.00031908273481822053,0.684254000081865,3448425
5180000,2.711904699554204,-0.00027825609520206395,0.5431808920718418,3455186
5190000,2.711904699554204,-0.00021877215845583485,0.6420975398469737,3461898
5200000,2.711904699554204,-0.00019441404964491983,0.7707392617509986,3468561
5210000,2.711904699554204,-7.76587822250219e-05,0.4209019872103608,3475269
5220000,2.711904699554204,3.730410811089797e-05,0.38471648078329773,3482061
5230000,2.711904699554204,-3.738972336746035e-05,0.7505026842105205,3488862
5240000,2.711904699554204,2.5996323084878678e-05,0.4467391317424513,3495726
5250000,2.711904699554204,0.00013872724325020356,1.6670973865614982,3502435
5260000,2.711904699554204,-0.00021856884350927663,1.9256617083680425,3509110
5270000,2.711904699554204,1.3184858766816133e-05,0.523954411113694,3515815
5280000,2.711904699554204,2.6531442139923683e-05,0.43942140494779447,3522578
5290000,2.711904699554204,0.0001629948552573771,0.6564171237908267,3529319
5300000,2.711904699554204,7.255060636457007e-05,0.46898130050079795,3536152
5310000,2.711904699554204,2.5806340160651498e-05,0.6696259546158311,3542923
5320000,2.711904699554204,0.0002745085230079814,1.0662052083975377,3549795
5330000,2.711904699554204,-0.00022071766119262934,0.7664411402986238,3556780
5340000,2.711904699554204,2.0554010874294395e-05,3.5917802072761353,3563336
5350000,2.711904699554204,0.000173044404909178,0.8360664570650147,3569802
5360000,2.711904699554204,0.0001553338504206374,0.6756659759548814,3576646
5370000,2.711904699554204,2.0495224153928664e-05,1.2621288241258073,3583491
5380000,2.711904699554204,-0.00016930688948657175,0.7655590694408699,3590042
5390000,2.711904699554204,2.8522290513955695e-06,2.7653334016297335,3596695
5400000,2.711904699554204,-0.00012123516442676588,1.9313609291953162,3603227
5410000,2.711904699554204,9.120252862645205e-05,0.6931286002792013,3609865
5420000,2.711904699554204,2.036731193237336e-05,0.6730732951690563,3616516
5430000,2.711904699554204,0.00021028550658571085,5.279196186319856,3623226
5440000,2.711904699554204,0.00016610381370208013,0.9862730481198105,3630048
5450000,2.711904699554204,0.00046717749109120345,0.40267683233333035,3636815
5460000,2.711904699554204,0.00013570512332394339,1.5434461075198918,3643489
5470000,2.711904699554204,9.013742371773941e-05,0.635369225053497,3650289
5480000,2.711904699554204,-0.0002387534195734173,3.2471826820766774,3657035
5490000,2.711904699554204,2.5526769351260334e-05,0.7545859785455582,3663800
5500000,2.711904699554204,0.00019395857476459577,1.9869769880612713,3670242
5510000,2.711904699554204,-0.00019748863078586075,4.041092938658861,3676960
5520000,2.711904699554204,-7.332503920214651e-05,3.4620538112726473,3683800
5530000,2.711904699554204,8.909234567994844e-05,0.5518823520663179,3690418
5540000,2.711904699554204,7.410709743244e-05,1.1733828754646218,3697065
5550000,2.711904699554204,-7.725578299131899e-05,0.6578363476515289,3703879
5560000,2.711904699554204,8.847289229348212e-05,0.911756021379817,3710794
5570000,2.711904699554204,7.245168678716571e-05,1.1412597579023176,3717470
5580000,2.711904699554204,-0.0004902369671660225,0.6860439545345028,3724200
5590000,2.711904699554204,-3.1230294220548916e-05,0.693120710887546,3731007
5600000,2.711904699554204,3.5353163228167926e-06,0.7102899164087358,3737835
5610000,2.711904699554204,3.3717820050787045e-06,0.43071461006587697,3744397
5620000,2.711904699554204,-0.00011605678689282643,0.4789823039199543,3751005
5630000,2.711904699554204,-0.00017992572264635155,0.602829149566704,3757910
5640000,2.711904699554204,0.0004570888709071214,2.91408845920647,3764330
5650000,2.711904699554204,7.0072598041498e-05,1.024567500553038,3770867
5660000,2.711904699554204,2.5173250091305136e-05,0.5955677456132764,3777593
5670000,2.711904699554204,-0.0002578499109140245,0.6097243266896162,3784678
5680000,2.711904699554204,8.7051071918294e-05,0.5350175864180269,3791458
5690000,2.711904699554204,0.0001770052593884882,1.166999257777055,3798026
5700000,2.711904699554204,-0.00020777001412556245,0.3763052209457599,3804877
5710000,2.6134568613374047,0.00014720344949746802,0.5987058274727568,3811302
5720000,2.6134568613374047,7.760085892705451e-05,0.8950989790659996,3818086
5730000,2.6134568613374047,0.0003045868704384454,0.6146861296007985,3825040
5740000,2.6134568613374047,8.818349483892627e-05,0.8755132842000933,3831646
5750000,2.6134568613374047,3.517808171940131e-05,0.8198722954059416,3838375
5760000,2.6134568613374047,-0.0003250436883353718,1.1717475329536675,3845095
5770000,2.6134568613374047,-0.00018764306633020726,2.5724181911892243,3851852
5780000,2.6134568613374047,-0.00011924369764807991,0.6291689717979573,3858587
5790000,2.6134568613374047,-0.00011812516886969795,0.5753049856617153,3865441
5800000,2.6134568613374047,0.00016425135795324885,0.5309274184382972,3872252
5810000,2.6134568613374047,1.253183121171187e-05,0.916345017340062,3878837
5820000,2.6134568613374047,-1.5108915150751244e-05,0.48067528439007834,3885470
5830000,2.6134568613374047,6.759113795203339e-05,1.1255171761135918,3892359
5840000,2.6134568613374047,0.00034289476811101734,2.710292683992048,3898860
5850000,2.6134568613374047,-7.11055638469207e-05,3.5764360547716456,3905373
5860000,2.6134568613374047,3.4520946718663704e-05,0.6411366514712165,3912247
5870000,2.6134568613374047,6.802784600183433e-05,0.3827925899861914,3919037
5880000,2.6134568613374047,5.791476186663366e-05,0.5095600212900158,3926133
5890000,2.6134568613374047,-3.215493270397652e-05,0.617436130148626,3932884
5900000,2.6134568613374047,-6.875025655949957e-05,1.8886573256957466,3939583
5910000,2.6134568613374047,0.00025804522136011203,0.7728132907931466,3946280
5920000,2.6134568613374047,-0.00011206049307889243,0.6969887970408869,3953116
5930000,2.6134568613374047,0.00017965930962579666,0.43813159809315283,3959934
5940000,2.6134568613374047,-0.0003184851802935494,0.7816261621535887,3966657
5950000,2.6134568613374047,-0.00047236137148457306,0.6584011491555992,3973249
5960000,2.6134568613374047,8.493347561134238e-05,0.600793544621632,3980109
5970000,2.6134568613374047,-0.0002105214902812078,2.4579413541752917,3986793
5980000,2.6134568613374047,-2.201566286805438e-05,1.1141930824880921,3993623
5990000,2.6134568613374047,8.47927460526907e-05,0.4931330798225398,4000618
6000000,2.6134568613374047,4.608165882443631e-05,0.3418331661803903,4007482
6010000,2.6134568613374047,-1.4878805979791078e-05,1.482067782970114,4014210
6020000,2.6134568613374047,0.00029902538710905175,8.017224652419788,4020643
6030000,2.6134568613374047,0.00010307989734653945,0.7064868867969922,4027378
6040000,2.6134568613374047,1.2082127040220903e-05,1.1493772277799823,4034307
6050000,2.6134568613374047,0.00012707805468758313,0.7022784075138021,4040880
6060000,2.6134568613374047,4.6048390876337574e-05,1.6792255795921485,4047779
6070000,2.6134568613374047,8.39499175657843e-05,0.8172040129444186,4054424
6080000,2.6134568613374047,2.3994261284110028e-05,0.48179156797511913,4061246
6090000,2.6134568613374047,-0.00011043168538370563,0.6473608119081258,4067943
6100000,2.6134568613374047,2.39881825563849e-05,0.41950907409893123,4074578
6110000,2.6134568613374047,-0.0005877382116758602,0.8622098614620599,4081466
6120000,2.6134568613374047,2.3853058797998717e-05,0.8744007521547409,4088147
6130000,2.6134568613374047,-0.00010919516036433385,0.5274992472453466,4095191
6140000,2.6134568613374047,3.2934788330282496e-05,6.300974361971023,4101988
6150000,2.6134568613374047,6.636131617976805e-05,1.8427079642325577,4108921
6160000,2.6134568613374047,2.379748595275835e-05,0.7856865227737168,4115719
6170000,2.6134568613374047,-6.421011536160269e-05,0.6850912844819164,4122569
6180000,2.6134568613374047,2.379366469499556e-05,2.190310448374726,4129337
6190000,2.6134568613374047,-0.00020246335740773503,0.4769125017399288,4136015
6200000,2.6134568613374047,0.0002763307983037732,2.597939575547249,4142871
6210000,2.6134568613374047,-0.00010325470894442313,0.7068125874453588,4149590
6220000,2.6134568613374047,0.0001703971860741752,0.5103839200881097,4156231
6230000,2.6134568613374047,-0.00019704931289637076,0.43954492617652596,4163127
6240000,2.6134568613374047,1.8522997345717067e-05,0.4507372842127785,4169910
6250000,2.6134568613374047,-0.00024406488701882043,0.47962168959706164,4176653
6260000,2.6134568613374047,0.00024127251828248795,0.6281651488988998,4183473
6270000,2.6134568613374047,2.3598127424992175e-05,2.0089365823279604,4190256
6280000,2.6134568613374047,2.3592593257441755e-05,2.1583463060318544,4197115
6290000,2.6134568613374047,-0.00016945774337933294,1.6488639214429575,4203887
6300000,2.6134568613374047,-5.2868055587256595e-05,1.663505869676015,4210716
6310000,2.6134568613374047,-3.0031560233831203e-05,0.5924936295345626,4217407
6320000,2.6134568613374047,-0.00019352648473290861,5.63394735820828,4224204
6330000,2.6134568613374047,0.00012300246072553735,0.5170075768873621,4230951
6340000,2.6134568613374047,-0.00031491286959506944,0.7891080227035633,4237593
6350000,2.6134568613374047,-0.0002675355645708695,0.6461815586460878,4244301
6360000,2.6134568613374047,3.2800771587100586e-05,0.6017985731072076,4251183
6370000,2.6134568613374047,3.290305759271503e-05,0.6446643472976948,4257744
6380000,2.6134568613374047,1.8248106743390953e-05,0.6450923391229658,4264613
6390000,2.6134568613374047,0.00037118076834475943,0.5592567678277721,4271250
6400000,2.6134568613374047,0.0001912743613771326,0.46356674885253685,4277987
6410000,2.6134568613374047,-6.545247048518736e-05,0.6581414882780472,4284765
6420000,2.6134568613374047,-0.00011451633105685742,1.2596330777031266,4291355
6430000,2.6134568613374047,4.488021002617872e-05,1.2735355679664047,4298101
6440000,2.6134568613374047,-0.00030331416220430034,0.8795764720493634,4305107
6450000,2.6134568613374047,1.8012037799903988e-05,0.6849276510949025,4311854
6460000,2.6134568613374047,2.32636925601838e-05,0.4591683074974389,4318449
6470000,2.6134568613374047,0.000263558139424907,0.7303776365335526,4325298
6480000,2.6134568613374047,-0.00011154372550218875,0.679605820243046,4331956
6490000,2.6134568613374047,-0.00045773885568118006,0.4848284517014649,4338697
6500000,2.6134568613374047,-0.00011253378115830704,0.961591975512797,4345394
6510000,2.6134568613374047,-5.244860918581187e-05,0.7778469713620285,4352121
6520000,2.6499131245501064,-0.00019116828830646542,0.84651495259568,4358977
6530000,2.6499131245501064,0.0002483432737290771,0.38420919607257803,4365690
6540000,2.6499131245501064,6.327022722704207e-05,1.1639611088754822,4372223
6550000,2.6499131245501064,-5.3925927642544e-05,0.7690954879557532,4378728
6560000,2.6499131245501064,1.7957919404885027e-05,0.970343279758916,4385311
6570000,2.6499131245501064,1.1426151176381423e-05,1.3949268411390061,4392070
6580000,2.6499131245501064,-1.4564632882921866e-05,0.6317771140051726,4398724
6590000,2.6499131245501064,0.00015124226272792782,0.48019158285963487,4405460
6600000,2.6499131245501064,-0.0005827569909790995,0.32344813052769644,4412547
6610000,2.6499131245501064,6.239604242060208e-05,0.6155778900047709,4419309
6620000,2.6499131245501064,5.00252415201373e-05,0.5521894730407902,4426127
6630000,2.6499131245501064,4.271862350355579e-06,0.5888436488880029,4432874
6640000,2.6499131245501064,-0.00021763919225169757,0.7927361046336522,4439649
6650000,2.6499131245501064,4.070707804689654e-06,0.5425915827547815,4446336
6660000,2.6499131245501064,-0.0004091331954110228,0.5384625089056325,4452871
6670000,2.6499131245501064,-0.00018603863842210817,0.8590599444214777,4459537
6680000,2.6499131245501064,-0.0001879657202342159,0.3307137928795694,4466253
6690000,2.6499131245501064,3.1375161853836334e-05,0.6606390523024237,4473152
6700000,2.6499131245501064,2.236796486427967e-05,0.5457662088085588,4479858
6710000,2.6499131245501064,-0.00010364491047803075,0.8466592991839926,4486558
6720000,2.6499131245501064,-0.00016250846534382132,0.28503940385322146,4493422
6730000,2.6499131245501064,-1.4305288898995793e-05,0.35771229118593184,4500168
6740000,2.6499131245501064,2.261367415203342e-05,0.5881516916079624,4506849
6750000,2.6499131245501064,1.7546945338126912e-05,0.8935792486814246,4513662
6760000,2.6499131245501064,-0.0002330485426377248,0.5527772595055912,4520146
6770000,2.6499131245501064,-0.00017025125755691756,0.5541897622618712,4527007
6780000,2.6499131245501064,-4.9493612855851275e-05,0.4885513722730711,4533630
6790000,2.6499131245501064,1.1205149899527285e-05,3.5353345657068775,4540545
6800000,2.6499131245501064,0.00015794300160993448,2.17670271591529,4547116
6810000,2.6499131245501064,0.0003300022782633523,0.7707345565298523,4553737
6820000,2.6499131245501064,3.1325089165866574e-05,0.5719561162098907,4560417
6830000,2.682284093478647,-2.0129365156575363e-05,1.2181293152717987,4567001
6840000,2.682284093478647,6.502368688050455e-05,0.3465558272823003,4573886
6850000,2.682284093478647,6.946068513255781e-05,0.47154673039164985,4580913
6860000,2.682284093478647,-1.3910574221954732e-05,0.48234181372402163,4587656
6870000,2.682284093478647,-0.00010573798772964088,0.6701133795535354,4594599
6880000,2.682284093478647,-0.000177865203502757,0.998743286350448,4601370
6890000,2.682284093478647,2.2039635299655344e-05,0.7479025433900947,4608206
6900000,2.682284093478647,0.0001270631565982376,0.4573079290392719,4615084
6910000,2.682284093478647,0.00016023756891025043,2.7194699557940734,4621608
6920000,2.682284093478647,1.728181698545872e-05,0.6387949517460644,4628400
6930000,2.682284093478647,0.0003931220530703962,0.5716368100916625,4635265
6940000,2.682284093478647,-0.00040904530061805445,1.226628211718101,4642052
6950000,2.682284093478647,-1.861617444384094e-05,0.6989950515348095,4648773
6960000,2.682284093478647,-1.8631470402788914e-05,1.126197734344625,4655675
6970000,2.682284093478647,2.1864789855949532e-05,0.8573836241147297,4662586
6980000,2.682284093478647,0.0001345437230588096,0.4780799417503762,4669480
6990000,2.682284093478647,-0.00010828528218443248,0.7720727477991567,4676234
7000000,2.682284093478647,-4.868679288872593e-05,0.6363305351749893,4682861
7010000,2.682284093478647,0.00010819556799509417,0.8726518443893855,4689674
7020000,2.682284093478647,-6.01281393953735e-05,0.9205950240562071,4696476
7030000,2.682284093478647,-0.0002275053595484619,0.4585810416036758,4703122
7040000,2.682284093478647,-0.00028585120526669134,1.01098040012541,4709932
7050000,2.682284093478647,1.714208408369721e-05,0.5130652630475498,4716840
7060000,2.682284093478647,5.951338149888566e-05,0.28249113649867935,4723409
7070000,2.682284093478647,3.0401304642377e-05,0.39933559751618564,4730336
7080000,2.682284093478647,-0.0004040946794202707,0.7411155121892555,4737287
7090000,2.682284093478647,-1.8931040845231408e-05,2.0314972407028336,4743957
7100000,2.682284093478647,-0.00028163264828458186,0.8680424610845261,4750696
7110000,2.682284093478647,2.147284322450709e-05,0.7342635255205566,4757503
7120000,2.682284093478647,0.00014476175233874952,8.603737583687366,4764242
7130000,2.682284093478647,0.00022602098795141377,0.4038718634584571,4770862
7140000,2.682284093478647,-1.8286904945305842e-05,0.5943560355360101,4777523
7150000,2.682284093478647,0.00022403864823401489,0.5580028986543732,4784286
7160000,2.682284093478647,7.287403075791808e-05,0.37129643199114126,4791204
7170000,2.682284093478647,-1.3937566851151603e-05,0.5478876625154434,4797821
7180000,2.682284093478647,-6.16841241916163e-05,0.946597829002434,4804510
7190000,2.682284093478647,-0.0007719242116505034,0.8074954560869249,4811211
7200000,2.682284093478647,0.0004476202726778818,0.5669268602838261,4817843
7210000,2.682284093478647,-4.915946724336478e-05,0.4455636899698922,4824493
7220000,2.682284093478647,5.9297082578486995e-05,0.5321266934557988,4831270
7230000,2.682284093478647,2.1322527535190712e-05,0.6553057304652172,4837880
7240000,2.682284093478647,2.992831374814072e-05,8.018835280658465,4844533
7250000,2.682284093478647,-9.7672013345948e-05,0.28322779920147695,4851550
7260000,2.682284093478647,2.9720048262814718e-05,5.192958231575715,4858224
7270000,2.682284093478647,7.063331581145652e-05,1.8071014851989593,4864912
7280000,2.682284093478647,-0.0001631244633935942,0.5563054038580297,4871736
7290000,2.682284093478647,2.111908050632364e-05,0.39477941202968087,4878673
7300000,2.682284093478647,0.0001537618460706732,0.5096247984488278,4885528
7310000,2.682284093478647,0.0001492160196959508,1.0348698028985643,4892212
7320000,2.682284093478647,1.6619457422105925e-05,2.0884873228224636,4898755
7330000,2.682284093478647,-1.3728683164263732e-05,0.6643399139984896,4905483
7340000,2.682284093478647,0.0001564333628521759,0.5974400069375926,4912210
7350000,2.682284093478647,2.9659985620082825e-05,1.6015140312858493,4918922
7360000,2.682284093478647,4.9645115958130715e-05,0.45905340130262107,4925513
7370000,2.682284093478647,0.00023252326463403967,1.3768127598152338,4932090
7380000,2.682284093478647,-0.0005498280292003896,0.665781501574597,4938660
7390000,2.682284093478647,4.9688257805546994e-05,0.6094826846377831,4945331
7400000,2.682284093478647,1.0608149904549203e-05,0.7719250357780972,4951842
7410000,2.682284093478647,2.0979584401373624e-05,0.689697770050427,4958590
7420000,2.682284093478647,2.099524313140957e-05,0.4625405206595748,4965312
7430000,2.7104751430418323,6.964845100389796e-05,0.7642720760037518,4971981
7440000,2.7104751430418323,-0.00017514759182191378,3.2644497429410997,4978581
7450000,2.7104751430418323,0.00025683722128236097,0.36655907157661466,4985431
7460000,2.7104751430418323,6.604002749392115e-05,0.794301577745182,4992093
7470000,2.7104751430418323,4.93078407051883e-05,0.5104513482919364,4998864
7480000,2.7104751430418323,-5.385096021872663e-05,0.6379616035593331,5005720
7490000,2.7104751430418323,3.0287941404240696e-06,1.2647533112365619,5012544
7500000,2.7104751430418323,2.099749315352891e-05,0.5353036626366121,5019269
7510000,2.7104751430418323,0.00014952100532676456,0.6324189840355134,5026112
7520000,2.7104751430418323,2.069567543899267e-05,5.022527815232909,5032945
7530000,2.7104751430418323,2.091715200745218e-05,1.0122993858808893,5039827
7540000,2.7104751430418323,-5.564756795804364e-05,0.3740585734967685,5046659
7550000,2.7104751430418323,2.0640817814219542e-05,0.3397711399347192,5053450
7560000,2.7104751430418323,2.119197081251654e-06,2.1887480789628686,5060166
7570000,2.7104751430418323,5.705287236215411e-05,0.4927049711345122,5066852
7580000,2.7104751430418323,0.00031271541045909437,0.3888413199326691,5073644
7590000,2.7104751430418323,2.91140766932502e-06,0.9221635315440132,5080274
7600000,2.7104751430418323,5.051468025184459e-05,0.3324116365858977,5086889
7610000,2.7104751430418323,1.0413975803881615e-05,0.5496386081184176,5093487
7620000,2.7104751430418323,-5.914722108261655e-05,0.41701360114021796,5100084
7630000,2.7104751430418323,6.386108691421028e-05,0.5249841011530942,5106693
7640000,2.7104751430418323,1.635705783192595e-05,0.6042660194824898,5113388
7650000,2.7104751430418323,3.9832275901735405e-05,0.5759669789110897,5120196
7660000,2.7104751430418323,1.035613422325601e-05,0.38551258268359007,5126841
7670000,2.7104751430418323,-0.00014604413298151215,0.6906566698530398,5133613
7680000,2.7104751430418323,6.905871409877995e-05,0.28163513374175,5140396
7690000,2.7104751430418323,-0.00021646154422710594,0.39098491347964454,5147167
7700000,2.7104751430418323,6.9124066270006e-05,0.627051782975385,5153879
7710000,2.7104751430418323,-0.0001514158991326968,3.6687495815310873,5160432
7720000,2.7104751430418323,-0.0002744864017878596,0.4054386479342697,5167241
7730000,2.7104751430418323,9.336967633288524e-05,0.34589974090479964,5173864
7740000,2.7104751430418323,0.0003021814306946689,0.5471556786312787,5180608
7750000,2.7104751430418323,-0.00020893476203494055,0.9538753145008774,5187315
7760000,2.7104751430418323,5.6585639143334816e-05,0.40276143719908886,5194005
7770000,2.7104751430418323,-2.695570791831333e-05,1.719477908216078,5200635
7780000,2.7104751430418323,2.8789276612587773e-05,0.39435236870765955,5207423
7790000,2.7104751430418323,6.151627964644216e-05,0.49760021642961305,5214159
7800000,2.734721829046697,0.00024204603551241315,0.5694635020537921,5220926
7810000,2.734721829046697,0.0002169885769414538,1.4473745636069981,5227758
7820000,2.734721829046697,1.0204740593087913e-05,0.4421719912497587,5234554
7830000,2.734721829046697,0.00042815690630367546,0.39487425995184045,5241306
7840000,2.734721829046697,-9.199613216878035e-05,0.7045900338568474,5247912
7850000,2.734721829046697,0.00014460209882169282,0.3522363696451394,5254549
7860000,2.734721829046697,2.0067717859260614e-05,0.5468020752635987,5261378
7870000,2.734721829046697,-0.001235662136077996,4.129707765661271,5268185
7880000,2.734721829046697,5.639380751853456e-05,0.5640371599477276,5274714
7890000,2.734721829046697,-9.294584982188982e-05,0.3465656818116906,5281483
7900000,2.734721829046697,0.0003424276561102006,0.5589092102261982,5288369
7910000,2.734721829046697,0.0002108965901392368,0.6714703522825896,5295316
7920000,2.734721829046697,2.0267420928955456e-05,0.46314468691235233,5302055
7930000,2.734721829046697,0.001557886677991701,0.4615300853839889,5308651
7940000,2.734721829046697,4.846950404979696e-05,0.46317653878251774,5315315
7950000,2.734721829046697,-1.2696859908464533e-05,0.37877698402877513,5322142
7960000,2.734721829046697,0.0002561344044879507,1.8685238746349275,5328787
7970000,2.734721829046697,-0.00036839835061330323,0.9526745997675526,5335536
7980000,2.734721829046697,0.0002095879316637487,0.3552871711184895,5342419
7990000,2.734721829046697,6.95480434350262e-05,0.38735907169045564,5349110
8000000,2.734721829046697,-0.00030720078234483457,0.431640678767421,5355859
8010000,2.734721829046697,0.00036306722041383417,0.8125319456015601,5362656
8020000,2.734721829046697,-0.00026339008792544813,1.4819363356058024,5369479
8030000,2.734721829046697,-1.884148533124207e-05,0.6681825755992877,5376114
8040000,2.734721829046697,2.798455404286141e-05,0.3042484884305429,5383091
8050000,2.734721829046697,2.553500005967965e-06,0.6831738679234497,5389758
8060000,2.734721829046697,0.00010248091243765685,0.6289398035727057,5396313
8070000,2.734721829046697,-5.681862677158411e-05,1.9964263215825948,5403199
8080000,2.734721829046697,0.00014363544822945003,0.4164644033612596,5410071
8090000,2.734721829046697,4.33085879944945e-05,0.4348372548908999,5416709
8100000,2.734721829046697,3.778569559371987e-05,0.557014376531276,5423530
8110000,2.734721829046697,0.00014793779278656933,0.42806049598312784,5430154
8120000,2.734721829046697,1.0013711809742924e-05,0.3379507491767948,5437093
8130000,2.734721829046697,-5.6521061355089354e-05,0.6551747793429992,5443783
8140000,2.734721829046697,-0.0002035731249621085,2.1958814833463123,5450664
8150000,2.734721829046697,0.00010374720726611693,1.209349970051663,5457352
8160000,2.734721829046697,9.947614694073494e-06,0.354664751042536,5464071
8170000,2.734721829046697,0.00013655237882031343,0.4441312198495495,5470928
8180000,2.6480106840040283,6.832101403811164e-05,2.147729841179572,5477543
8190000,2.6480106840040283,1.54551365286775e-05,0.6707894069834058,5484280
8200000,2.6480106840040283,0.00013592260957113035,0.6781158040633598,5491080
8210000,2.6480106840040283,1.9555442743804186e-05,0.23568982863478885,5497797
8220000,2.6480106840040283,-9.001942724642584e-05,1.5663261671899573,5504665
8230000,2.6480106840040283,-4.600551244125017e-05,0.4780805471303488,5511285
8240000,2.6480106840040283,-8.868539231598503e-05,5.8440926548395415,5517878
8250000,2.6480106840040283,9.842948914939965e-06,0.7462343206507819,5524766
8260000,2.6480106840040283,9.836113230678911e-06,0.3720801580389414,5531632
8270000,2.6480106840040283,-1.7609969674487333e-05,0.7484941721002418,5538236
8280000,2.6480106840040283,0.0003193214683388591,0.8015218594331929,5544956
8290000,2.6480106840040283,1.5294813686629834e-05,0.40977566034831114,5551822
8300000,2.6480106840040283,-8.790081598661734e-05,0.9173632505185763,5558584
8310000,2.6480106840040283,0.00012537733227947363,0.9173596152776669,5565124
8320000,2.6480106840040283,-9.356638596748264e-05,0.23203041912017688,5571973
8330000,2.6480106840040283,4.2700445901324295e-05,0.3856332648173281,5578756
8340000,2.6480106840040283,0.0003168157090491982,0.8386749495604605,5585582
8350000,2.6480106840040283,1.963612696262521e-05,0.44970917562885454,5592042
8360000,2.6480106840040283,-0.00014246612618365993,0.334898876069725,5598721
8370000,2.6480106840040283,3.774992860335688e-05,0.3122545075725686,5605474
8380000,2.6480106840040283,-0.08865755052862592,0.28169785735924735,5612173
8390000,2.6480106840040283,-0.00020281220151988815,0.40486154575871053,5618916
8400000,2.6480106840040283,1.5335825266921974e-05,0.7911152038849188,5625680
8410000,2.6480106840040283,0.00013831848610398062,0.46564228477880326,5632516
8420000,2.6480106840040283,0.00013578696118655623,0.5499845844182721,5639130
8430000,2.6480106840040283,0.00012590083041672814,0.7973026751505567,5645847
8440000,2.6480106840040283,-1.2640745457795291e-05,1.352674800144441,5652744
8450000,2.6480106840040283,-0.00013653652383660217,0.24362307597658636,5659825
8460000,2.6480106840040283,1.9429972297569253e-05,0.39656136229808187,5666522
8470000,2.6480106840040283,0.0001201005392476028,1.368430636029756,5673465
8480000,2.6480106840040283,0.00020256884207742055,0.34746412453587583,5680407
8490000,2.6480106840040283,1.9105737605366774e-05,0.5057477531838097,5687188
8500000,2.6480106840040283,-8.651375108686567e-05,0.44923189504679695,5693809
8510000,2.6480106840040283,0.00022901702475431812,1.1748478779569673,5700542
8520000,2.6480106840040283,5.295172690312312e-05,0.42492534390957787,5707267
8530000,2.6480106840040283,0.0001591609862431329,0.39831609757478115,5714019
8540000,2.6480106840040283,1.9099061500962995e-05,1.065257835026206,5720899
8550000,2.6480106840040283,-0.00015656403110895177,3.0368927423400134,5727705
8560000,2.6480106840040283,1.904735869516308e-05,0.3103889596827123,5734480
8570000,2.6480106840040283,0.00014526690385265092,0.48631008238828977,5741283
8580000,2.6480106840040283,4.389858380163301e-05,2.189642902280575,5747996
8590000,2.6480106840040283,-9.178995626115049e-05,0.49011944172665256,5754770
8600000,2.6480106840040283,-0.00015531098609261436,0.5502916526994234,5761446
8610000,2.6480106840040283,1.8901334813843006e-05,0.46619386845787064,5768269
8620000,2.6480106840040283,1.892873680740817e-05,0.4622737620671773,5775120
8630000,2.6480106840040283,-0.0052467601980408785,0.2783532174714734,5781908
8640000,2.6480106840040283,4.438869826117921e-05,0.5771880373507339,5788486
8650000,2.6480106840040283,6.486648746547544e-05,0.36112187276505253,5795420
8660000,2.6480106840040283,9.90460781644851e-05,0.5574148908955586,5802118
8670000,2.6480106840040283,0.00015116008522598584,1.8155651717066652,5808717
8680000,2.6480106840040283,0.00019600135868184793,2.2745418343353627,5815345
8690000,2.6480106840040283,9.448613693092719e-06,0.4766470737604803,5822052
8700000,2.6480106840040283,-0.00015809318500045549,0.5618283575031289,5828829
8710000,2.6480106840040283,0.00012135009803681985,0.43876563256678924,5835628
8720000,2.6480106840040283,-1.2032309863065163e-05,0.32411558726342793,5842131
8730000,2.6480106840040283,-8.779524355854179e-05,0.4063375564109359,5848846
8740000,2.6480106840040283,1.877806169857641e-05,1.2623841418058752,5855531
8750000,2.6480106840040283,-1.5221644249875542e-05,0.3969478889754487,5862387
8760000,2.6480106840040283,3.8097012480017534e-06,1.4204249134501983,5869022
8770000,2.6480106840040283,2.5920173122688608e-05,0.4545812301556918,5875838
8780000,2.6480106840040283,-4.343272552873195e-05,0.28017633274863224,5882731
8790000,2.6480106840040283,0.00012205387351370208,0.36782168791174275,5889399
8800000,2.6480106840040283,-0.00024688413835231013,0.35983707065690823,5896307
8810000,2.6480106840040283,-1.19866237453208e-05,0.8023014464972126,5903003
8820000,2.6480106840040283,2.578459479738388e-05,0.3459010498737886,5909756
8830000,2.6480106840040283,5.172952262581137e-05,0.6455367774334133,5916393
8840000,2.6480106840040283,1.4538363022232723e-05,2.0641389193303556,5923065
8850000,2.6480106840040283,0.00012244340298061377,1.7948793352405297,5929833
8860000,2.6480106840040283,0.00014004490290310515,0.6156550056214524,5936817
8870000,2.6480106840040283,2.634868350055494e-05,0.957118115802106,5943373
8880000,2.6480106840040283,4.444171737083574e-05,1.9829415066702991,5950262
8890000,2.6480106840040283,-0.00015951506772881406,0.4479334254131936,5957022
8900000,2.6480106840040283,0.022778427123211344,0.533680211453091,5963839
8910000,2.6480106840040283,5.372116807069799e-05,0.6385040016996252,5970536
8920000,2.6480106840040283,-8.920072150097843e-05,0.3339752787695022,5977210
8930000,2.6480106840040283,6.479833770739197e-05,0.5982889620587106,5983992
8940000,2.6480106840040283,1.8735548439861843e-05,3.419040804177783,5990594
8950000,2.6480106840040283,-0.00018994756957138622,0.3706093925273813,5997404
8960000,2.6480106840040283,-0.00015911684499844453,0.41591706205840573,6004078
8970000,2.6480106840040283,0.00011997228669657448,0.851944186278603,6010809
8980000,2.6480106840040283,1.840150472759225e-05,0.5327381947384949,6017531
8990000,2.6480106840040283,-1.7228295335430782e-05,0.481375291247324,6024267
9000000,2.6480106840040283,-0.00015251066345966496,0.4280506467661367,6031071
9010000,2.6480106840040283,4.030778119224605e-06,0.4833937388280314,6037755
9020000,2.6480106840040283,-0.00018852006549385943,0.36617067346363236,6044336
9030000,2.6480106840040283,9.183557256707772e-06,0.36908726931762725,6051131
9040000,2.6480106840040283,0.0013748793821751046,0.23218630934072026,6057727
9050000,2.6480106840040283,-4.289971609293632e-05,0.5629721306557128,6064375
9060000,2.6480106840040283,-1.7509986217106096e-05,0.29028864968876666,6071190
9070000,2.6480106840040283,5.6530281204214254e-05,0.3773428952464297,6077782
9080000,2.6480106840040283,1.4386658134891024e-05,6.086594062949911,6084372
9090000,2.6480106840040283,0.00020032662247088212,0.43705911069616116,6091066
9100000,2.6480106840040283,-9.020427762407181e-05,2.332662788726497,6097756
9110000,2.6480106840040283,3.377399443384705e-06,1.7762415975592667,6104673
9120000,2.6480106840040283,-4.298651283252877e-05,0.7331797960676575,6111388
9130000,2.6480106840040283,1.8469485767725072e-05,0.4889137127027167,6118292
9140000,2.6480106840040283,-0.00011767384898003305,2.1099949747101308,6125105
9150000,2.6480106840040283,1.828175232077646e-05,0.292357189907128,6131650
9160000,2.6480106840040283,-2.762455561937863e-05,0.3205008173466556,6138509
9170000,2.6480106840040283,0.001786344708586235,0.537845107846294,6145200
9180000,2.6480106840040283,-4.2428385244633924e-05,0.4868495965915701,6151959
9190000,2.6480106840040283,0.0001514260573591938,0.4692878338861261,6158599
9200000,2.6480106840040283,-0.00021452933669352,0.38720353013176145,6165326
9210000,2.6480106840040283,1.427255001363658e-05,2.080022262823751,6172009
9220000,2.6480106840040283,4.274446843064626e-05,1.2140705681798516,6178547
9230000,2.6480106840040283,1.4253413221668177e-05,2.026228405350767,6185266
9240000,2.6480106840040283,9.069227794953025e-06,0.5433708519812713,6191713
9250000,2.6480106840040283,-1.1928533291222021e-05,0.4066396819058904,6198460
9260000,2.6480106840040283,3.5268711581741076e-05,0.4256290003478835,6205060
9270000,2.6480106840040283,0.00021395751646217077,0.48644452146163664,6211864
9280000,2.6480106840040283,9.037951105571649e-06,1.0490238066859159,6218588
9290000,2.6480106840040283,0.00012982562365604448,0.6926997922977576,6225426
9300000,2.6480106840040283,6.112633781235704e-05,1.3565881859852258,6232241
9310000,2.6480106840040283,5.0095564273682054e-05,0.42947036649506226,6238888
9320000,2.6480106840040283,-0.0005727897291474048,1.6457305954454378,6245461
9330000,2.6480106840040283,1.8202294248918843e-05,3.590246130936765,6252159
9340000,2.6480106840040283,-0.00014858675254911618,0.7728471977585918,6259018
9350000,2.6480106840040283,6.142792576229882e-05,0.36171309834228393,6265813
9360000,2.6480106840040283,5.653153562768886e-05,0.4451988462832608,6272525
9370000,2.6480106840040283,-8.120436977959649e-05,1.303878683190004,6279129
9380000,2.6480106840040283,1.812654542807821e-05,0.23870602414358497,6286024
9390000,2.6480106840040283,9.293901549144203e-05,0.7681169776236256,6292711
9400000,2.6480106840040283,-8.861649489884491e-05,0.5199037366374538,6299415
9410000,2.6480106840040283,-8.22913458725766e-05,0.5883366256464636,6306142
9420000,2.6480106840040283,-0.00013641744216649616,0.33151886865539404,6312869
9430000,2.6480106840040283,8.924339170195972e-06,0.3493869863629218,6319716
9440000,2.6480106840040283,4.292130173234684e-05,0.5671669825686261,6326361
9450000,2.6480106840040283,-8.56559576659707e-05,0.28613549477768757,6333121
9460000,2.6480106840040283,1.8034113958553735e-05,0.31848046231400245,6339850
9470000,2.6480106840040283,-1.6474297492978262e-05,0.39140930806890245,6346517
9480000,2.6480106840040283,0.00021191713803842208,0.5899386603295435,6353060
9490000,2.6480106840040283,6.219769841986118e-05,0.5421932841124042,6359723
9500000,2.6480106840040283,-4.2756822629202335e-05,0.4019376698693815,6366590
9510000,2.6480106840040283,1.4078750716293022e-05,0.32771772431345986,6373506
9520000,2.6480106840040283,-0.00014549840312430494,0.771174574241657,6380270
9530000,2.6651250497137937,-0.0010736499006967007,0.430432387616822,6387079
9540000,2.6651250497137937,3.160215861965661e-06,0.26447586394069206,6393932
9550000,2.6651250497137937,-0.0004412590911189045,0.3558145456578714,6400675
9560000,2.6651250497137937,0.00011393658997205403,2.977372906346018,6407338
9570000,2.6651250497137937,-0.0003839966777592387,0.835537339995318,6414137
9580000,2.6651250497137937,8.886387475071967e-06,0.3925494448048786,6421007
9590000,2.6651250497137937,-7.967401309542479e-05,0.4464058861734111,6427520
9600000,2.6651250497137937,-0.00018379686772550558,0.5350715947347489,6433975
9610000,2.6651250497137937,-8.393903309026261e-05,0.3284628834075249,6440822
9620000,2.6651250497137937,1.7823593958207584e-05,0.5207707095463885,6447585
9630000,2.6651250497137937,0.011509003807693392,1.4120294327196397,6454420
9640000,2.6651250497137937,0.00014207009127107438,0.5003548133032916,6461159
9650000,2.6651250497137937,3.0314170389987942e-06,0.5361418936504362,6467827
9660000,2.6651250497137937,9.304935030551978e-05,0.48660981351942856,6474564
9670000,2.6651250497137937,1.3841360491124936e-05,0.4857965487114944,6481190
9680000,2.6651250497137937,6.235268386246282e-05,0.37744482080866326,6487909
9690000,2.6651250497137937,6.090245968814194e-05,0.34589517826819777,6494766
9700000,2.6651250497137937,0.0001306580549853598,0.7140138031699825,6501520
9710000,2.6651250497137937,-5.2869181391797156e-05,0.6076154639776467,6508225
9720000,2.6651250497137937,-0.0005576164791304584,0.4734709807171331,6515002
9730000,2.6651250497137937,-1.1138726849126969e-05,0.29110188773709733,6521760
9740000,2.6651250497137937,1.7374173127365576e-05,0.25717747766477844,6528450
9750000,2.6651250497137937,2.4885250373606277e-05,0.33748784713374647,6535264
9760000,2.6651250497137937,1.7620619516072103e-05,0.6071678055217874,6541932
9770000,2.6651250497137937,8.675896730700035e-05,0.460014324124098,6548632
9780000,2.6651250497137937,1.739094250275355e-05,0.3470456988752897,6555517
9790000,2.6651250497137937,0.0002551780656479843,0.560376360361526,6562232
9800000,2.6651250497137937,-0.00012791038835770828,0.6997256749821656,6568842
9810000,2.6651250497137937,-8.341140505413478e-05,0.9519895890014529,6575507
9820000,2.6651250497137937,-0.00012804379102624285,1.8506698962915422,6582179
9830000,2.6651250497137937,1.74502326026755e-05,0.4078329523206321,6588951
9840000,2.6651250497137937,0.00012433393135717182,2.3607385432485857,6595703
9850000,2.6651250497137937,1.7423151154710123e-05,0.36548398812252353,6602342
9860000,2.6651250497137937,-7.901045452467211e-05,0.4980889407708334,6609115
9870000,2.6651250497137937,-0.00014946738874649254,1.342307337937394,6615932
9880000,2.6651250497137937,1.599352299570971e-06,1.0805354331836632,6622855
9890000,2.6651250497137937,-4.891432477944388e-05,0.36502268142395944,6629643
9900000,2.6651250497137937,-8.701696118056573e-05,0.5264297650733818,6636323
9910000,2.6651250497137937,0.0001253759344057842,0.7922402305447468,6643070
9920000,2.6651250497137937,0.00010633035909143708,0.4887210211507803,6649774
9930000,2.6651250497137937,-0.0001766576206164485,1.2177097135034147,6656515
9940000,2.6651250497137937,-0.0006694335534065219,0.6785706835109262,6663269
9950000,2.6651250497137937,0.00010350298404540054,0.6916367992163371,6670038
9960000,2.6651250497137937,2.716768071648361e-06,0.2969848386563808,6676888
9970000,2.6651250497137937,-5.011175185829274e-05,0.9958397993857789,6683625
9980000,2.6651250497137937,0.0002507666452894847,0.4553201986365414,6690421
9990000,2.6651250497137937,-0.0001756337600207823,0.3582322409521311,6697181
